{
  "accuracy": {
    "medians": [
      0.9536208299430431,
      0.8958502847843774,
      0.853946297803092,
      0.8132628152969894,
      0.7819365337672904
    ],
    "CIs": [
      [
        0.9406056113625886,
        0.9666360485234976
      ],
      [
        0.8802794444145439,
        0.911421125154211
      ],
      [
        0.8391106928002836,
        0.8687819028059003
      ],
      [
        0.79872488718746,
        0.8278007434065188
      ],
      [
        0.7671034181962164,
        0.7967696493383645
      ]
    ]
  },
  "recall": {
    "medians": [
      0.9901917930894786,
      0.9383301707779885,
      0.8922841486893419,
      0.8606334402020791,
      0.8324616730353114
    ],
    "CIs": [
      [
        0.9765300996105897,
        1.0038534865683675
      ],
      [
        0.9155652812616875,
        0.9610950602942896
      ],
      [
        0.8647971888251028,
        0.919771108553581
      ],
      [
        0.8270386678753051,
        0.8942282125288531
      ],
      [
        0.7941371257391777,
        0.870786220331445
      ]
    ]
  },
  "precision": {
    "medians": [
      0.9468476034151494,
      0.9040441424770035,
      0.865511098931214,
      0.8294180386151069,
      0.7979759637973243
    ],
    "CIs": [
      [
        0.9330850586938695,
        0.9606101481364293
      ],
      [
        0.8834609057127407,
        0.9246273792412663
      ],
      [
        0.846633454125696,
        0.884388743736732
      ],
      [
        0.8116948406058541,
        0.8471412366243597
      ],
      [
        0.7776774663896935,
        0.8182744612049551
      ]
    ]
  },
  "F1": {
    "medians": [
      0.9623424698479689,
      0.9352688481428371,
      0.8940826827095805,
      0.8457817881558295,
      0.8185185785398081
    ],
    "CIs": [
      [
        0.9491211755212816,
        0.9755637641746562
      ],
      [
        0.9141860585800194,
        0.9563516377056547
      ],
      [
        0.8717797199092666,
        0.9163856455098943
      ],
      [
        0.8214003313896603,
        0.8701632449219987
      ],
      [
        0.7914568412286949,
        0.8455803158509214
      ]
    ]
  },
  "auc": {
    "medians": [
      0.9891964434795877,
      0.9359855538799529,
      0.9059415298357703,
      0.872483630993447,
      0.8357102726465724
    ],
    "CIs": [
      [
        0.9847609072733251,
        0.9936319796858503
      ],
      [
        0.9282131332329655,
        0.9437579745269402
      ],
      [
        0.8958600159405196,
        0.916023043731021
      ],
      [
        0.8596325098791168,
        0.8853347521077771
      ],
      [
        0.8212139553448545,
        0.8502065899482902
      ]
    ]
  }
}
