{
  "accuracy": {
    "medians": [
      1.0,
      0.9747762408462164,
      0.950366151342555,
      0.9239218877135883,
      0.8966639544344996
    ],
    "CIs": [
      [
        NaN,
        NaN
      ],
      [
        0.9736894469596253,
        0.9758630347328074
      ],
      [
        0.9490172299604887,
        0.9517150727246213
      ],
      [
        0.9226097102692159,
        0.9252340651579607
      ],
      [
        0.8940577760594565,
        0.8992701328095428
      ]
    ]
  },
  "recall": {
    "medians": [
      1.0,
      0.9841998616377404,
      0.968196238567667,
      0.9496958898832454,
      0.9243964735640781
    ],
    "CIs": [
      [
        NaN,
        NaN
      ],
      [
        0.9782103126183151,
        0.9901894106571657
      ],
      [
        0.9571831042895331,
        0.9792093728458009
      ],
      [
        0.934461140001185,
        0.9649306397653058
      ],
      [
        0.9036919377779787,
        0.9451010093501774
      ]
    ]
  },
  "precision": {
    "medians": [
      1.0,
      0.9737380759278569,
      0.9522895936636826,
      0.9230658154734762,
      0.9012517602879049
    ],
    "CIs": [
      [
        NaN,
        NaN
      ],
      [
        0.9721974498221463,
        0.9752787020335675
      ],
      [
        0.9497302194964362,
        0.954848967830929
      ],
      [
        0.9204651509071563,
        0.9256664800397961
      ],
      [
        0.8980139769831742,
        0.9044895435926356
      ]
    ]
  },
  "F1": {
    "medians": [
      1.0,
      0.9785465526583963,
      0.9575217268746253,
      0.937131708677207,
      0.9117943371408044
    ],
    "CIs": [
      [
        NaN,
        NaN
      ],
      [
        0.9753578025865318,
        0.9817353027302608
      ],
      [
        0.9518874942561796,
        0.9631559594930711
      ],
      [
        0.9291701185566807,
        0.9450932987977332
      ],
      [
        0.9009676387109093,
        0.9226210355706994
      ]
    ]
  },
  "auc": {
    "medians": [
      1.0,
      0.9670193753831497,
      0.9373078834229867,
      0.9049425859473181,
      0.8755044867734455
    ],
    "CIs": [
      [
        NaN,
        NaN
      ],
      [
        0.964523936876365,
        0.9695148138899345
      ],
      [
        0.933456164634939,
        0.9411596022110343
      ],
      [
        0.8989143217831053,
        0.910970850111531
      ],
      [
        0.8703797264273397,
        0.8806292471195513
      ]
    ]
  }
}
