{
  "accuracy": {
    "medians": [
      1.0,
      0.9747762408462164,
      0.950366151342555,
      0.9243287225386493,
      0.8999186330349878
    ],
    "CIs": [
      [
        NaN,
        NaN
      ],
      [
        0.9735957995694317,
        0.9759566821230011
      ],
      [
        0.948901826733982,
        0.9518304759511279
      ],
      [
        0.9225901533352069,
        0.9260672917420917
      ],
      [
        0.8974942923517797,
        0.9023429737181958
      ]
    ]
  },
  "recall": {
    "medians": [
      1.0,
      0.9790963183817458,
      0.9652978484264612,
      0.9454467893147138,
      0.9259259259259259
    ],
    "CIs": [
      [
        NaN,
        NaN
      ],
      [
        0.9727202284331786,
        0.985472408330313
      ],
      [
        0.9551060180906682,
        0.9754896787622541
      ],
      [
        0.9297237238563464,
        0.9611698547730813
      ],
      [
        0.9056179086038967,
        0.9462339432479552
      ]
    ]
  },
  "precision": {
    "medians": [
      1.0,
      0.9764363667770971,
      0.952274730389487,
      0.9268841281368514,
      0.9010178182948306
    ],
    "CIs": [
      [
        NaN,
        NaN
      ],
      [
        0.9749292257321247,
        0.9779435078220695
      ],
      [
        0.9496428070510181,
        0.9549066537279558
      ],
      [
        0.9241275389168269,
        0.9296407173568759
      ],
      [
        0.8976730865008751,
        0.9043625500887862
      ]
    ]
  },
  "F1": {
    "medians": [
      1.0,
      0.9775208571174416,
      0.9580918547413393,
      0.9362853770189733,
      0.9153378295356807
    ],
    "CIs": [
      [
        NaN,
        NaN
      ],
      [
        0.9742298125583074,
        0.9808119016765758
      ],
      [
        0.9527187804871587,
        0.9634649289955198
      ],
      [
        0.928790073386826,
        0.9437806806511206
      ],
      [
        0.904252879016382,
        0.9264227800549794
      ]
    ]
  },
  "auc": {
    "medians": [
      1.0,
      0.9662241565295362,
      0.9391692166620262,
      0.9103861342195666,
      0.8797928514566833
    ],
    "CIs": [
      [
        NaN,
        NaN
      ],
      [
        0.963884028874394,
        0.9685642841846784
      ],
      [
        0.9346989867139738,
        0.9436394466100787
      ],
      [
        0.9046925265052551,
        0.9160797419338781
      ],
      [
        0.8737033702064956,
        0.885882332706871
      ]
    ]
  }
}
