{
  "accuracy": {
    "medians": [
      0.9662327095199349,
      0.8930024410089503,
      0.8462164361269324,
      0.8201790073230268,
      0.7819365337672906
    ],
    "CIs": [
      [
        0.9539966033914359,
        0.9784688156484339
      ],
      [
        0.8789554950034288,
        0.9070493870144718
      ],
      [
        0.8305392582702548,
        0.8618936139836101
      ],
      [
        0.8049924083367983,
        0.8353656063092554
      ],
      [
        0.767582099751744,
        0.7962909677828371
      ]
    ]
  },
  "recall": {
    "medians": [
      0.9855185549209153,
      0.9392436160914652,
      0.8915966001362041,
      0.8521651531234029,
      0.8288511719980205
    ],
    "CIs": [
      [
        0.9748243563364491,
        0.9962127535053815
      ],
      [
        0.9166609138384466,
        0.9618263183444838
      ],
      [
        0.8630684910575325,
        0.9201247092148758
      ],
      [
        0.8180263447149809,
        0.8863039615318249
      ],
      [
        0.793326010231773,
        0.864376333764268
      ]
    ]
  },
  "precision": {
    "medians": [
      0.9498718528569274,
      0.8988035041174693,
      0.8595949704257904,
      0.826955713998795,
      0.7965259399661445
    ],
    "CIs": [
      [
        0.9374865863073818,
        0.9622571194064731
      ],
      [
        0.8830327242384871,
        0.9145742839964516
      ],
      [
        0.8401896211427016,
        0.8790003197088792
      ],
      [
        0.8058337233236244,
        0.8480777046739656
      ],
      [
        0.7780584984845467,
        0.8149933814477424
      ]
    ]
  },
  "F1": {
    "medians": [
      0.9608719107356922,
      0.931728655939534,
      0.8878907508862391,
      0.8412310407092873,
      0.815440813415504
    ],
    "CIs": [
      [
        0.949833639638981,
        0.9719101818324034
      ],
      [
        0.9134340755212951,
        0.950023236357773
      ],
      [
        0.8650562650144297,
        0.9107252367580486
      ],
      [
        0.8147241549960611,
        0.8677379264225136
      ],
      [
        0.7902260823388262,
        0.8406555444921818
      ]
    ]
  },
  "auc": {
    "medians": [
      0.9944337625500819,
      0.9349162875822632,
      0.8981274656493927,
      0.8693870450814882,
      0.8324192711346532
    ],
    "CIs": [
      [
        0.9905236239281219,
        0.9983439011720419
      ],
      [
        0.9276070706529688,
        0.9422255045115576
      ],
      [
        0.8868684723396277,
        0.9093864589591577
      ],
      [
        0.8563019568689765,
        0.882472133294
      ],
      [
        0.817715798616063,
        0.8471227436532434
      ]
    ]
  }
}
